airline_name,country_id,headquarters,contact_number
Reyes Ltd,4,West Dillon,(847)612-7366
"Smith, Hernandez and Peters",1,West Ryan,(909)333-7184x651
Olson and Sons,7,Charlesville,+1-322-766-5999x1054
"Brown, Tucker and Mckinney",9,South Heather,469-844-4934
"Brooks, Bright and Parsons",5,Littleton,+1-621-228-2851x768
Brown-Lawrence,4,Lake Jasonmouth,485.213.6020x9992
Scott-Williams,4,Katherinefurt,(589)442-9131x9824
Alvarado-Watkins,10,Richardview,(625)581-2315x1814
Brown Group,4,Anthonyport,(325)714-9075
"Knight, Smith and Anderson",2,Victorbury,247.345.0212
Burton Inc,8,Port Mark,(463)370-6227x740
"Williams, Norton and Gonzalez",6,West Judytown,001-419-495-8216x214
Ward PLC,7,Brittanyshire,+1-756-730-3459x59939
Adams LLC,5,Cynthiashire,001-727-240-6573x69404
"Jimenez, Mccormick and Moore",8,Amyshire,757.366.3950x348
Pacheco PLC,7,Marioshire,772-277-5400x5786
"Johnson, Smith and Silva",5,New Erica,001-825-401-7582x682
"Warren, Johnston and Gray",10,Port Madison,2067090009
Harris Ltd,2,Bellville,(561)394-0051x0758
Morgan LLC,8,West Ricardo,001-643-282-0253x251
"Glover, Barrett and Parker",4,Mullenhaven,(213)500-4216
Johnson Inc,4,New Stephanieborough,(356)536-2594x711
Hudson-Roth,5,Elaineville,001-209-545-3236x52817
Hill-Anthony,1,Oliviaton,485-353-2616x0588
"Harvey, Parker and Walker",9,South Erinhaven,520-337-4284
"Hudson, Wallace and Bell",3,Randallbury,001-353-529-4064
"Martin, Morgan and Harrison",10,Kelleyborough,+1-916-506-2075x7674
Cortez-Baker,6,East Thomasmouth,(428)777-5283
Cruz-Williams,6,Ramoston,+1-780-943-3300x86877
Mcintosh Inc,10,South Stephen,708-318-6918
Diaz-Lara,1,Port Zachary,(225)332-2124
Pratt Ltd,6,East Andrewshire,375.932.0962
"Abbott, Walter and Smith",1,Rubenmouth,2876234943
Cummings Inc,1,Bryanton,(721)472-0003x6587
"Jones, Chapman and Estes",3,Janetside,602-787-7500x833
Reyes LLC,10,East Joshuabury,840-247-3299x2322
Morgan and Sons,8,Parkershire,5298156515
Tran-Smith,1,Christopherland,+1-806-683-2946
Arias Inc,10,Hatfieldview,808.464.9759x34377
Sanchez Ltd,6,South Marthaview,710-344-6775x474
Fox Inc,1,West Virginiaburgh,(552)839-2789x01698
Shaffer Ltd,1,Justinview,268.832.3658x864
Harris LLC,9,Jimmyton,750-388-7274
"Morrison, Reeves and Weiss",5,South Staceyshire,+1-262-582-1672
Harris-Liu,5,South Dawnborough,275.650.5900
Vargas-Oneal,10,Samanthaton,685-620-7316x6783
Gutierrez Group,1,Jorgebury,+1-750-233-4649x671
"Briggs, Edwards and Johnson",8,Josemouth,453-320-9583x01953
Boyd PLC,4,Karenshire,+1-345-777-9704x4421
"Powell, Dillon and Smith",6,Wilsonshire,704-887-4947x7847
"Vasquez, Henderson and Walsh",9,South Matthew,+1-395-220-7373
Dominguez-Miller,3,East Dale,253.212.8352x87241
Young and Sons,4,Noahside,3546408084
Jenkins and Sons,4,West Randyburgh,+1-767-672-5082
Haas-Henderson,1,New Williambury,001-503-676-9686x284
"Herrera, Williams and Williamson",1,Bowmanberg,(444)222-0138x9578
"Burton, Lopez and Barton",3,Brandonchester,631-353-4914x495
Davis Inc,7,New Robert,941.344.9119x53597
Chan Ltd,9,Nicholasburgh,001-216-951-1754x5468
Brown Group,4,Port Devinview,001-361-363-4570x460
Wood Group,8,West Cheyennemouth,585-575-9743x22314
"Coleman, Frank and Wilson",6,West Paul,440-329-6946
Sullivan-Mercado,6,Port Steven,001-795-471-6628x8634
"Zamora, Harris and King",9,North Thomas,430.220.8819x539
Castillo-Hernandez,1,New Jacob,554-286-2263
May Ltd,10,Catherinemouth,001-573-772-3905
"Blake, Perkins and Brown",10,Williamschester,814-400-3968
"Morales, Gallegos and Harris",9,Nortonview,775-262-6849x304
"Scott, Garcia and Vance",2,West Ernest,977-654-5436
"Elliott, Rodriguez and Hunt",10,Millerview,590-659-6765x510
"Wheeler, Fleming and Summers",10,Jacobburgh,978-573-1986x34447
Ritter LLC,4,Davidshire,+1-927-453-6342x1594
Crawford and Sons,1,South Debbieton,434.935.9841
Thompson Ltd,4,West Kimberly,(911)487-8576x836
Jackson-Horton,10,Hicksmouth,(694)855-3244
"Perez, Woodard and Gutierrez",5,Stacyside,712.671.1903x2237
"White, Garcia and Jones",1,Lake Jimmybury,+1-273-987-5375x4258
"Atkins, Robinson and Pace",6,Port Edwinside,(538)648-1862
Freeman-Scott,8,Port Colleen,+1-781-891-8906
Ramirez-Hardy,8,Laurafort,538-217-5546x485
Lee-Jones,7,Port Rebecca,(237)786-6994x02282
Moss LLC,1,New Margaret,709.291.8736x181
White-Cross,4,Camposside,387-544-3943x871
"Cameron, Thornton and Munoz",10,North Tina,001-366-793-0331x35731
"Wallace, Burns and Hess",6,Jarvisview,(665)300-3624x823
Smith Group,6,West Brandiborough,769.291.7577
Gill-Stokes,10,East Denise,(317)206-3600
Blevins Inc,4,North Robert,001-655-960-7720x64149
Arnold Inc,10,Rebeccastad,700-403-4579x260
Simpson-Sanchez,3,New Michelle,813.970.6655x4591
