hotel_id,hotel_name,city_id,contact_number,address,starrating
781839,Gonzalez-Lee,6269,850-859-4277x0562,"790 Patricia Landing Suite 898
Hensleyview, AZ 20377",3 Star
248821,"Olson, Long and Kim",4091,669-246-2459x910,"3258 Steve Overpass Apt. 301
Cherylfort, NE 81508",3 Star
381425,"Gonzalez, Martin and Jordan",8748,001-862-326-2475x220,"6565 Williams Coves Apt. 872
Davidtown, TN 23044",2 Star
546597,Dunn-Woodard,4696,+1-662-536-4498,"9940 Audrey Shoal Suite 304
New Jason, AS 70251",2 Star
486087,Bridges-Miller,3463,466.596.8180,"52023 Miller Harbor Suite 862
Tinahaven, NJ 08431",5 Star
726268,Roberts-Schmidt,6057,+1-480-687-8982x29130,"906 Griffin Views
West Brian, WA 86967",1 Star
904925,Miller Ltd,6557,+1-666-864-0336x74313,"703 Roberto Pass
Scottbury, UT 41676",4 Star
711739,Hall-Schaefer,4322,583-516-7806x226,"833 Kiara Tunnel
New Melissa, FM 31160",3 Star
582423,Garrett-Edwards,6926,645-832-3756,"056 Paul Vista Suite 930
South Steven, NY 26590",2 Star
81663,Moss PLC,3073,830.746.7574x1099,"26841 Amy Ridges Suite 112
New Joan, MD 21356",2 Star
420026,Fowler LLC,6573,594-663-8189,"53260 Wiley Fall
West Sharimouth, WA 43487",4 Star
741037,Young PLC,6512,(947)654-5347,"28849 Fleming Prairie
New Christy, HI 62878",5 Star
460938,Ramirez-Goodwin,6829,001-497-297-4987x305,"517 Melody Pass Suite 008
Jessicaburgh, MO 21837",2 Star
575185,"Schwartz, Barajas and Stewart",885,767-282-3888,"49805 Berg Crest
Rollinsport, MT 68866",4 Star
541476,Bautista-Joseph,6402,001-834-611-7798,"8791 Cantu Valleys Suite 945
Wilkinsonshire, AZ 18288",1 Star
133304,Mitchell-White,4125,837.332.1125,"04087 Mercedes Estates Suite 195
North Krystalville, DC 05781",4 Star
332272,Young-Reynolds,1958,001-883-330-0007x1395,"501 Morales Pass Apt. 796
New Dustin, MD 02561",2 Star
838923,Grant-Shaw,5982,(343)452-0799,"687 Lee Track Suite 736
Millsberg, MI 77259",4 Star
19929,King-Richmond,4846,(583)375-0518x84430,"29698 Lewis Row
Conniemouth, KY 96612",2 Star
402200,Fox Ltd,6169,001-765-709-3012,"4535 Coleman Lodge Apt. 920
Jeffreyland, FM 85105",5 Star
951435,"Joseph, Johnson and Nguyen",2030,(318)786-8221x9366,"29690 Rodriguez Circle
South Matthewbury, MN 46670",2 Star
327807,Oneal Group,5263,+1-262-910-9716x46794,"7885 Elizabeth Villages Apt. 318
Danielmouth, MN 26818",4 Star
452748,"Rowe, Brown and Chapman",9049,(501)417-3565,"7787 Rebecca Point Apt. 712
New Johnnyshire, VT 34030",3 Star
894958,"Jones, Smith and Powers",9239,+1-815-814-2928,"0741 Mathis Neck
Brookestad, LA 94840",2 Star
620198,"Simmons, Craig and Bell",2547,255-208-1003x5526,"6849 Perkins Springs
Brandonstad, GU 97455",2 Star
548588,Andrews-Stark,3414,+1-550-989-5714,"623 Murray Lodge
Jonathanland, ME 61617",2 Star
885629,White Group,8854,+1-869-371-4413x77437,"1416 Orr Garden Suite 290
Lake Veronicamouth, WA 12848",4 Star
209067,"Carter, Chapman and Lewis",2914,+1-437-639-3248,"733 Nicole Lodge Suite 446
Derrickville, NY 42577",4 Star
14572,Mann Ltd,5506,+1-995-763-4880,"903 Page Junction Apt. 837
North Paige, UT 75631",1 Star
508649,Mcmillan-Pittman,2557,+1-894-335-7792x10409,"9708 Timothy Creek Apt. 700
North Jacobmouth, VI 56938",3 Star
474825,Harrington and Sons,7669,516.238.6882,"354 Anita Stream Suite 981
Wongbury, VA 43922",4 Star
569583,Bailey PLC,2796,(436)772-3534,"524 David Cliffs Apt. 191
New Allen, FL 75001",2 Star
100327,Clark-Bowen,1118,+1-783-417-1679,"66848 Shannon Springs
Stevensville, MT 42832",3 Star
582920,Jackson-Tate,7306,780-455-8946x280,"4639 Smith Fort Apt. 706
Heathertown, VI 12867",2 Star
410249,"Walsh, Marshall and Stone",405,844-380-1272x41185,"972 Long Roads
Lake Susanberg, NV 79963",1 Star
903851,Sheppard Inc,2346,(947)454-2074,"85409 Joanna Plains Apt. 559
North Christopherstad, NE 53488",5 Star
43739,"Holland, Allen and Webb",2119,(797)919-1072x01104,"1584 Long Viaduct
Jefferybury, AZ 53739",4 Star
198307,Smith-White,6762,432-496-1539x571,"Unit 9895 Box 5837
DPO AE 16840",1 Star
95189,Escobar-Underwood,1473,+1-489-561-7291,"593 Kimberly Loaf Apt. 807
Sarahview, IN 48246",2 Star
588308,Armstrong-Tran,8473,220-753-2733,"Unit 8676 Box 2089
DPO AA 60595",2 Star
576520,"Gutierrez, Williamson and Mcdaniel",5382,818-227-5626x4139,"Unit 5391 Box 9393
DPO AA 06262",3 Star
287235,Cook PLC,5397,001-466-572-8346x712,"2599 Gomez Passage
West Michelleville, WA 53145",1 Star
655981,Willis LLC,9170,994.874.7329x68199,"01176 Ashley Points Apt. 021
Murrayport, LA 61046",5 Star
957451,"Sloan, Hamilton and Scott",3989,(668)204-9743x7709,"3667 Morales Forest Apt. 848
North Ryanside, WV 92887",4 Star
357585,"Hughes, Rodriguez and Scott",8543,001-914-377-0358x16720,"1446 Linda Stravenue Suite 149
Ramosland, NE 69736",1 Star
804426,"Bishop, Gallagher and Payne",2048,(242)480-5885,"264 Robert Flat Apt. 562
Moranshire, CO 87421",2 Star
524535,Taylor and Sons,3575,+1-274-499-6584x080,"88032 Martin Lodge
Michaeltown, MO 28573",3 Star
366740,Jones-Taylor,6050,+1-668-972-4165,"735 Edwards Mountain
Douglaschester, PR 15532",2 Star
601758,"Douglas, Vargas and Mccoy",1889,648-839-7946,"28340 Young Lake Suite 796
Krystalburgh, WY 03108",1 Star
620192,"Moore, Williams and Phillips",4004,(346)489-6359x837,"447 Thomas Ways
Ramosbury, MT 92284",3 Star
790481,"Lewis, Evans and Barnett",4364,465-842-3115x6431,"702 Blair Mall Suite 103
Mccormickbury, NC 41139",4 Star
699522,Sharp LLC,7819,(813)613-3693x6030,"104 Krystal Extension Apt. 952
North Laurie, NY 43275",4 Star
287778,Thompson LLC,9881,+1-221-383-2355x7802,"087 Rodriguez Wells Apt. 826
Callahanbury, AL 42056",1 Star
657726,Kim-Yates,9194,+1-936-565-4358x92411,"3425 Guerrero Bypass Suite 289
Port Joshuafurt, FM 88488",4 Star
819372,"Hall, Martinez and Edwards",4195,(712)816-1236x45020,"187 John Dam
Sherryshire, AZ 37131",2 Star
22346,"Marquez, Wright and Bryant",1777,(491)548-8402x8960,"2068 Myers Drive
North Robertfurt, NH 45381",2 Star
11248,"Barton, Lee and Hoover",1123,682.985.0479x4576,"084 Reese Drive Suite 697
West Shannonshire, MA 56390",1 Star
922378,Robinson Inc,7486,890-623-6179,"018 Lara Streets Suite 501
Port Stephaniestad, RI 34033",3 Star
687114,Best and Sons,5254,664.806.7363x0015,"779 Espinoza Avenue Suite 884
Rileystad, IL 76275",1 Star
349381,Howard and Sons,6546,349.266.5935x042,"583 Webster Throughway Apt. 874
Michaelstad, OH 88311",3 Star
715401,"Cochran, Sanchez and Neal",5998,539-456-1870,"4902 Johnson Mews
Johnborough, MT 42141",2 Star
874214,Hudson-Burke,3916,3768574276,"55493 Joseph Lock
Kochville, OK 23199",3 Star
37825,Mckay-Bailey,1794,707-508-8331x521,"9310 Simon Isle Apt. 024
East Gina, MA 74637",4 Star
621109,Holland LLC,9272,761-994-3978x4828,"8949 Cynthia Trail Suite 998
North Catherinetown, MD 71821",3 Star
141397,Jensen-Norman,4005,001-460-683-4945x279,"959 Danielle Shoals
Lake Gabrielhaven, RI 03931",4 Star
482108,Ramos-Dixon,4951,(247)763-3960,"2054 Black Lock Suite 185
Alyssamouth, KS 54423",5 Star
319666,"Benson, Ward and Hughes",5058,322-506-7910,"7412 Grant Cape Suite 916
Jefferymouth, CO 47310",5 Star
756941,Porter Group,1593,(781)508-2779x158,"33207 Jerry Stravenue
North Amyville, NJ 84263",1 Star
252982,"Prince, Hobbs and Obrien",9843,609-755-2691x4608,"1959 Christopher Road
Karishire, TN 37315",4 Star
975934,"Barnett, Evans and Sanchez",7421,260-953-3135x2060,"7515 Hoffman Vista
Lake Anthonyshire, MH 26762",1 Star
294423,Schneider-Hill,1489,557-843-2974,"9104 Taylor Cliffs
Aguilarton, UT 25633",2 Star
927478,"Williams, Krause and Harrell",4282,4725376969,"6179 Dakota Shores
Hardyfurt, HI 57883",2 Star
382742,Johnson-Morgan,2467,+1-922-397-5677x20191,"148 Anderson Ports Apt. 852
Lake Russellborough, IA 03222",4 Star
757337,Cook Inc,238,+1-657-307-6955x2347,"6492 Smith Groves
Saramouth, NY 26062",5 Star
180194,"Kent, Jordan and Smith",5369,+1-496-360-9265x885,"6696 Henry Summit
East Brianside, AZ 23814",4 Star
214669,"Cohen, Howard and Hernandez",3328,851.797.6075,"529 Anthony Village Apt. 086
Wilsonburgh, VA 04139",3 Star
689132,Harrison and Sons,2944,(984)244-6117,"18464 Vargas Estates Apt. 814
Port Teresachester, AL 81184",1 Star
357472,Harding and Sons,9190,729-895-9576,"6061 Moore Circle
North Robert, PA 08631",1 Star
375788,"Hatfield, Macdonald and Bryant",8460,879-460-6543,"53648 Susan Pass Suite 423
Ramosport, WV 09336",3 Star
199442,"Gomez, Sanchez and Gonzalez",7898,(337)730-5429,"4846 Tony Oval
West Andreamouth, ND 29618",4 Star
47087,"Lawrence, Duncan and Wyatt",9076,+1-875-385-6290x42182,"7750 Casey Canyon Suite 743
North Jacqueline, ME 46639",3 Star
255874,"Riggs, Wilcox and Vazquez",668,001-446-220-8252x964,"02981 Joel Cove
East Eugeneton, TX 48465",3 Star
770401,Lopez-Mcdowell,4712,973.216.5133,"488 Benjamin Burg Apt. 001
Lake Maria, FM 78923",1 Star
74347,Fisher LLC,686,(236)395-0521x5576,"518 Molina Street Apt. 610
Lake Michelleborough, OK 90223",4 Star
638766,"Murphy, Taylor and Byrd",4085,259-458-4798,"62200 Alison Shoals Apt. 156
Jacobsonshire, NJ 69110",3 Star
171729,"Taylor, Martinez and Smith",2951,674.750.5795,"8254 Morton Ways Apt. 946
Peggyberg, MN 41639",3 Star
80516,Barr Inc,6100,2968233290,"5579 Katherine Club Apt. 407
Port Shelley, PA 62277",3 Star
497947,"Stephenson, Mitchell and Nunez",5732,+1-210-940-6260x0772,"84000 Ingram Causeway
North Stevenmouth, NY 48039",2 Star
810208,Alvarez-Sherman,3873,721-624-8054x18381,"267 Christopher Rue
Annafort, NH 24018",5 Star
398177,Randolph PLC,8524,(750)221-9951x8246,"Unit 1125 Box 0658
DPO AA 83174",1 Star
916134,"Foster, Nelson and Stewart",4021,001-475-648-6051,"06610 King Plains
Port Judyberg, PA 63256",1 Star
431678,Russell Ltd,3844,667.203.1362,"4182 Julie Gardens Apt. 362
Port Brandonfurt, IL 77805",1 Star
950430,Soto-Murray,9561,518.669.5026,"Unit 9025 Box 6206
DPO AA 52376",2 Star
959232,Perry-Wallace,3133,+1-452-356-7703x5730,"7877 Gary Locks
Brockfort, MN 39100",3 Star
284304,Wiggins and Sons,1405,001-851-621-7838x356,"156 Christopher Expressway Suite 305
East Christophermouth, VA 13206",4 Star
452038,Wilson-Terry,6195,(618)725-5211,"512 Anderson Drive
North Davidburgh, NH 94648",3 Star
627159,Young Ltd,624,(351)316-0979x561,"Unit 0622 Box 4306
DPO AE 09067",3 Star
462816,Rhodes-Miller,335,7455958344,"55150 Alexandra Groves Apt. 319
Lake Michael, VT 05461",2 Star
491866,"Moon, Schultz and Kelly",8913,(508)649-2639x99190,"3992 Angela Centers Apt. 966
Lake Kimberlyfort, NV 10050",1 Star
450604,"Nunez, Davenport and Simpson",7993,001-639-746-7967x40846,"60992 Jacobson Pike
Nicolechester, TN 01728",5 Star
685745,Jackson and Sons,7221,(738)611-3035x849,"8208 Branch Pike
Christinaville, MO 48067",4 Star
567217,Ballard LLC,2728,001-320-548-4038,"5243 Meyer Trace Apt. 269
Caldwellland, MH 00729",2 Star
137707,Weber-Boyd,6207,788-694-6889,"64548 George Vista Apt. 740
Michellefurt, ND 42634",1 Star
421826,Knight-Lynch,2209,(554)437-0191,"242 Glass Crossing
Port Stephaniebury, ID 73629",3 Star
12238,Barnett-Martin,7730,967.523.5447,"981 Miranda Falls Apt. 254
Millerchester, AZ 35949",4 Star
549006,"Callahan, Lawrence and Davis",936,458.271.7354,"951 Eric Brooks Apt. 277
West Elizabethside, MN 12934",3 Star
668330,"Rivers, Haynes and Jarvis",2814,(713)237-1555x0132,"USCGC Murphy
FPO AA 18591",5 Star
233907,Michael Inc,9891,5687505349,"Unit 7198 Box 0637
DPO AA 85398",4 Star
981918,Wood LLC,9912,+1-615-570-1177x73158,"5484 Nicholas Flats Apt. 090
Danielfurt, ID 19166",3 Star
318344,Santiago PLC,7761,+1-578-976-0993x17213,"956 Schultz Greens Apt. 940
Mejiashire, RI 14168",2 Star
497517,"Lloyd, Wright and Love",223,(229)414-3374x80823,"7404 David Park
Port Betty, IA 85515",3 Star
90528,Kelley-Lawrence,2355,214-329-5609x043,"6642 Anderson Keys Apt. 429
West Tiffany, PW 14859",5 Star
158355,Vincent-Parrish,711,794.700.5708,"39653 Julia Squares
Greerside, AS 24070",1 Star
536161,"Mclaughlin, Oconnell and Conner",678,735.422.5333,"4280 Joann Fork Suite 001
Sarahburgh, KY 92589",5 Star
418509,Sheppard PLC,5817,001-680-671-8552,"79904 Taylor View
Colemouth, MI 52394",3 Star
144385,Randall-Petty,706,001-498-429-7499,"36371 Andrea Lodge Suite 461
Heatherchester, MT 45648",2 Star
297683,"Davis, Flowers and Jones",1179,894-938-9561,"161 Jay Tunnel Suite 165
Port Debraview, MP 31817",3 Star
384090,Morris Group,517,7589697227,"444 Nicholas Mall Suite 424
West Jamesview, PA 57873",5 Star
988834,King Inc,5665,+1-580-934-0973x264,"7998 Shelly Flat Suite 180
Brianchester, AL 54057",1 Star
672459,Howell-Ritter,2188,(468)776-1548x38803,"77017 Wood Path Suite 023
Jenniferfurt, FL 81110",5 Star
612018,"Larson, Graham and Brown",606,+1-815-577-1087x7082,"205 Davis Station Suite 254
New Briannastad, MP 27384",1 Star
187124,Collins Group,8838,+1-531-803-5269,"4851 King Ferry
East Brian, NY 68389",1 Star
808529,Spencer-Gray,3558,+1-988-275-0863,"54024 Susan Isle Suite 872
New Michelleside, MI 10975",1 Star
584005,Johnson PLC,2060,895.754.8189,"6999 Raymond Union
Lake Amanda, ID 93082",3 Star
928974,Smith Ltd,9413,001-634-385-3765x3502,"5449 Samuel Pines
Harrisonborough, MD 36501",3 Star
341861,"Villa, Ellis and Richardson",7378,001-833-839-3973,"2830 Poole Course
East Michaelland, KS 39706",3 Star
163305,Peterson-Alexander,1471,(632)553-9193x1433,"58038 Sandoval Land Apt. 631
Willisport, DC 86542",1 Star
228300,"Durham, Gonzalez and Brown",3345,897.699.0900x143,"0033 Grant Lock Suite 449
South Barrymouth, NH 93502",5 Star
851245,"Nielsen, Solis and Howard",236,+1-470-214-0287x5593,"692 Spencer Rue Suite 841
Burketon, AL 38928",1 Star
848167,Webb-Lucas,8372,310.959.9080x9446,"93732 Andrew Radial Apt. 466
Jerryport, KY 13447",3 Star
498113,"Moran, Lambert and Rodgers",4572,801-304-9120,"42739 Steele Brooks Suite 256
Victoriafurt, GA 95697",4 Star
851316,Lopez PLC,673,337.856.3533x91793,"96445 Wiggins Ramp
Paulside, MI 06288",1 Star
256413,Johnson Inc,1345,(866)856-6018x9327,"100 Padilla Road Apt. 200
North Timothy, IA 87291",2 Star
342909,Glass-West,6295,001-231-236-2697x57026,"46544 Wright Mill
Hatfieldville, TX 30490",2 Star
389034,Wilson Inc,6311,298-411-0554,"265 Howe Centers Suite 945
Lake Pamelachester, MH 62647",4 Star
277179,Walker and Sons,4577,275.740.0331x977,"03336 Tracy Lodge
North Paul, NM 47048",4 Star
225504,Morrison-Johnson,546,579-914-9771,"38482 Horton Canyon Suite 424
Gilbertbury, OK 99684",1 Star
418465,"Myers, Rasmussen and Jackson",6913,217.219.0286,"401 Victor Landing
West Kellymouth, AK 53076",1 Star
280500,Clark Group,3560,(514)206-5014x103,"6512 Tina Stravenue
North Jacob, GU 56042",4 Star
826994,Clarke-Larson,6511,001-449-651-6877x702,"3595 Benjamin Isle Suite 288
Sabrinafurt, IL 62907",1 Star
478474,"Jimenez, Rivera and Morris",5688,+1-521-952-5121x623,"5050 David Valley
West Catherineborough, CA 75882",1 Star
185597,"Jones, Schroeder and Snow",1411,809-378-8517x8756,"Unit 5103 Box 1742
DPO AE 96471",1 Star
431729,Gonzales PLC,1417,+1-448-762-8109,"5035 Finley Ports Suite 389
New Yeseniastad, OH 13218",5 Star
293424,Jones-Morgan,9646,(590)865-4062,"847 Mitchell Summit
Ricardotown, MD 03559",3 Star
688138,Johnson-Martinez,9571,+1-821-516-9938,"1208 Garcia Summit
West Williamport, AZ 55156",4 Star
628121,Deleon PLC,201,770.884.2365,"5007 Page Ramp Apt. 099
South Diana, IL 70986",4 Star
414466,"Vincent, Lewis and Robinson",9690,237.315.3711x0333,"366 Thomas Oval Suite 860
West Tammiemouth, MN 03089",1 Star
331681,"Gutierrez, Bentley and Brooks",2535,001-527-706-1126x4144,"PSC 9550, Box 8378
APO AE 48255",5 Star
486534,Snyder-Rodriguez,891,+1-878-768-6685x890,"89373 Molina River Suite 770
Port Jonathanstad, VI 21592",4 Star
697412,Bird-Thompson,2870,605-949-1951x84224,"1234 Jennifer Lakes
Brendafort, PA 77727",5 Star
243653,"Cruz, Harris and Dixon",1329,815.688.9997x4652,"095 Jacqueline Ville Suite 833
Johnsonchester, NE 00936",5 Star
138137,"Harding, Silva and Walker",732,001-428-450-9481x1823,"8910 Brianna Place
Wilsonfurt, IA 80022",1 Star
796328,Clarke-Owen,8208,(752)395-6783x4121,"620 Harvey Points
New Johnland, CT 14230",3 Star
87931,Gibson Inc,3632,646.373.0226,"28968 Elizabeth Port Apt. 163
South Jasontown, KY 27807",1 Star
417287,"Thompson, Young and Villegas",1834,+1-410-554-8282x98406,"6722 Sutton Manor
North Chase, MH 08963",1 Star
800583,Gonzalez-Kelly,8900,001-436-567-2414,"82355 Thomas Manor
Port Dylanside, MO 56387",4 Star
950860,"Curtis, Walker and Vega",1796,(325)845-4042,"PSC 3328, Box 6797
APO AP 42127",2 Star
601298,Lowe Ltd,1196,(397)284-3916,"2191 Larry Fort
Markhaven, NM 61797",1 Star
799308,Arnold-Patel,8973,001-308-862-9754,"25189 West Trail
North Danielmouth, NC 98601",3 Star
92128,Parker and Sons,9343,+1-682-277-4908,"9962 Desiree Loop
West Krystalville, ME 16180",4 Star
728517,Patterson-Holmes,9712,+1-229-745-9889,"588 Raymond Pine Apt. 038
Keithshire, ME 55224",5 Star
497001,"Leblanc, Medina and Jackson",1019,878.887.0457x34859,"62302 Wong Dam Suite 114
Rebekahmouth, ME 47730",1 Star
39663,"Stephenson, Christian and Rogers",6052,+1-946-538-3132x9796,"8349 Martinez Ford
Lake Rebecca, VI 68767",4 Star
39175,"Nunez, Bell and Johnson",1671,001-815-720-4406x67933,"7458 Hernandez Plaza
Sierraborough, FL 16163",5 Star
220166,Obrien Group,3030,637-908-1013,"2570 Johns Circle
New Michaelside, MI 67119",2 Star
647649,Stanley and Sons,2178,+1-419-389-7687x04687,"7698 Jason Way Apt. 743
Vanessafort, AZ 98242",4 Star
479818,"Mccoy, Weber and Hernandez",3314,+1-385-550-3265,"35135 Brown Lodge
South Jessica, AZ 94856",1 Star
261492,Day PLC,3749,001-621-869-7038x5404,"9415 Bailey Lane Apt. 710
Prestonstad, MD 31248",1 Star
336855,Webb-Martin,2340,(763)278-3230x3665,"PSC 3543, Box 9222
APO AP 79971",4 Star
321483,"Cruz, Harris and Lee",8302,703-511-8094x283,"44671 Jimenez Rest Apt. 373
North Brandonfort, TX 71500",5 Star
376743,"Wood, Brown and Davila",1616,+1-509-675-8173x150,"05336 Morgan Cliff Apt. 148
Markhaven, IN 42868",3 Star
330683,Christian-Lambert,8425,001-633-269-7279x7870,"USNS Lopez
FPO AA 61495",2 Star
593134,Mitchell-Oconnor,9214,001-706-238-0607,"1477 Butler Circle
Lauriefurt, VI 40308",3 Star
571285,Reed PLC,7987,+1-269-929-7588x41765,"563 Dale Pass Suite 590
East Adamtown, UT 32397",2 Star
332097,Byrd Ltd,5364,7975816514,"PSC 1379, Box 5378
APO AE 88199",4 Star
926946,Walker Group,4225,621.747.6432,"233 Kelly Common Suite 688
Jamesmouth, MN 57620",3 Star
449830,Sellers-Moore,7918,(316)484-5992x59681,"528 Melissa Via Suite 181
Lake Shanebury, UT 61700",4 Star
25150,"Walker, Mills and Riley",2364,001-725-667-8123x96104,"1951 Gutierrez Via Suite 080
Lake Petershire, OR 69803",4 Star
172197,Webster and Sons,5463,001-671-680-9470,"797 Bridges Cove Apt. 202
Johnbury, TN 73204",1 Star
355230,Davies-Lopez,7530,2913386433,"463 Jones Stravenue Suite 038
Walkermouth, VI 89328",3 Star
58415,Pugh-Lloyd,4329,001-773-980-0962x32787,"Unit 6696 Box 0500
DPO AE 36995",2 Star
51868,Hall-Chang,762,3403733589,"7936 Laurie Views Apt. 504
Jordanton, TN 35834",3 Star
55622,Richard Group,1254,325.631.3240x7602,"081 Lyons Common
Lake Danielle, IA 78388",1 Star
555122,Hatfield-Rodriguez,4601,628-689-8084,"PSC 3692, Box 3096
APO AP 25682",3 Star
34177,Bryant and Sons,2302,001-472-649-8225,"94364 Barker Landing
Kimberlytown, WA 12268",1 Star
436776,Savage and Sons,7164,8492097408,"67845 Kennedy Lodge Apt. 804
Floresberg, WV 19625",2 Star
318425,Shaw PLC,2894,001-453-260-7188x107,"511 Tracy Fords
Jenniferchester, GA 56429",5 Star
780410,"Rogers, Patrick and Anderson",8227,001-415-330-7779x5178,"USCGC Wilson
FPO AE 06374",5 Star
931215,"Wheeler, Henderson and Moyer",8969,635.741.3627x820,"0854 Bailey Fall Apt. 185
South Jerryview, NE 48247",2 Star
51470,Hines-Wilson,2702,+1-482-395-7242,"7455 Schmidt Junctions Suite 759
East Zacharymouth, IA 38005",2 Star
816246,Pittman Inc,7452,001-391-897-1994x3928,"5190 Baldwin Streets Suite 144
South Jeffreyport, GU 23895",3 Star
916541,"Clark, Willis and Rivera",6645,4503226257,"94422 Michael Causeway Apt. 302
North Monicaburgh, OH 20850",5 Star
166704,"Hernandez, Garrett and Mckay",4404,472.691.9848x34064,"1687 Joseph Villages Apt. 203
Lynchstad, VA 29654",4 Star
64919,"Thomas, Wilson and Rivera",6651,585.535.8624,"1546 Kyle Falls
North Paula, AK 54625",4 Star
940013,Swanson LLC,5300,+1-981-499-6332x43085,"822 Scott Shoals
Brentborough, CO 48998",5 Star
611110,"Reed, Klein and Meyer",2802,270-361-2500x562,"68448 Dana Street Suite 020
Timothytown, WA 00786",3 Star
791544,Griffin-Hill,8991,+1-929-994-6402x594,"PSC 7214, Box 0196
APO AE 08720",1 Star
343182,Padilla-Sanchez,9138,228.570.2260x77806,"5570 April Crescent
Kimberlybury, WV 04137",4 Star
358294,"Ho, Gross and Aguilar",3086,879.247.1569x007,"12323 Butler Islands
Romerobury, MA 25499",3 Star
232176,Russell-Daniels,3133,001-381-345-7831x86174,"127 Beth Skyway Apt. 458
Smithbury, MP 25911",1 Star
149881,Foster-Reid,1097,970.340.4768x775,"497 Arnold Skyway Apt. 919
Ryanburgh, MI 83221",1 Star
490040,Case LLC,9343,218-232-7130,"Unit 2315 Box 4422
DPO AA 13642",3 Star
787734,Moreno-Morrison,5670,001-462-232-7579x118,"83482 Harrison Valley
Mccormickport, AR 61426",5 Star
474249,Curtis-Cruz,2986,417-592-4836,"0163 Shea Parks Suite 785
Pereztown, UT 67446",3 Star
865828,"Brock, Carey and Saunders",8073,448-881-2816x07208,"07405 Torres Pine Apt. 040
Hendersonhaven, IN 44662",2 Star
41193,Juarez-Smith,3585,3452474842,"534 Jonathon Expressway Suite 572
Lake Jessicaport, CT 34706",1 Star
791092,"Ferguson, Davenport and Gonzalez",7164,353.879.6271,"50004 Daniel Walk
South Michaelton, MH 56124",5 Star
274138,"Coffey, Chandler and Smith",4661,(345)341-5404x70648,"USNS Olsen
FPO AA 25181",5 Star
269651,Johnson Group,7948,798.664.8816x6649,"030 Jennifer Fork
West Ann, WI 11788",1 Star
766069,"Davis, Foster and Solomon",6958,001-748-385-8876x96291,"0110 Sarah Points
Bullockburgh, OR 82585",4 Star
301936,"Diaz, Wilson and Hall",5268,001-830-303-3253x083,"91745 Burke Mews
Port Scott, MP 57144",1 Star
151823,Smith-Hernandez,1359,429-352-6042x7989,"4553 Smith Springs
Allenview, IL 31646",4 Star
794680,Frost PLC,1647,8922290072,"4190 Nicholas Ranch
Yangfort, VA 35384",3 Star
899876,"Morris, Long and Howell",5126,780.497.8871x757,"20018 Herring Extension
West Jennifer, OK 02781",3 Star
73963,"Sweeney, Bailey and Bell",6169,(600)627-5837x91730,"22384 Thomas Ville
Johnsonfurt, IL 99926",3 Star
447789,Taylor-Livingston,1620,6752151957,"PSC 9347, Box 2407
APO AE 42507",4 Star
887967,Rodriguez-Joseph,2355,8092081419,"1867 Simmons Haven
Port Adammouth, IN 38219",5 Star
301189,Mejia-Chavez,6563,367-256-7045,"014 Carter Courts
East Samuel, CO 76901",3 Star
44099,Wilson Group,698,(778)996-9077x129,"8845 David Brooks
Lake Christytown, PR 84779",4 Star
63415,"Nguyen, Peterson and Page",8082,529-877-2444x908,"950 Oliver Glen Apt. 410
New Anthonyland, MN 89949",5 Star
6284,Smith PLC,6200,+1-635-458-7444x19602,"9887 Rosales Flat
Kristenport, VI 44235",5 Star
708858,Zamora-Cohen,6620,200-470-2634,"6393 Elliott Loop
Brownville, UT 81072",4 Star
918418,Ross-Smith,7224,372-908-1401,"USCGC Martinez
FPO AP 17432",1 Star
622464,"Ferguson, Price and Wang",2753,239.398.3405x232,"069 Tracy Cliffs Apt. 608
North Whitney, VT 63306",1 Star
848835,Garcia and Sons,9718,001-207-638-2826x07758,"298 Pedro Wall Suite 707
Kellyland, PW 66860",1 Star
137559,Parker-Reid,142,001-537-933-9126x039,"034 Byrd Rapids Suite 775
Novakport, OR 66645",5 Star
679284,Sanders Group,3520,427.736.2302,"83469 Barrera Spur
Melissaland, WY 22004",4 Star
779683,Reynolds-Vincent,1680,+1-630-714-9300x94427,"548 Melanie Highway
Bellmouth, MO 90929",4 Star
950288,Park-Ford,9088,(661)217-3867x234,"49338 Christopher Inlet Apt. 721
Davidview, VA 11774",1 Star
651218,"Perez, Davis and Young",2137,816-949-9399x0806,"521 Jeffrey Road
Albertburgh, FL 87071",4 Star
142722,Norman-Calhoun,9012,440-344-9654x9379,"67687 Megan Squares Suite 266
South Ginatown, SC 64028",4 Star
652879,"Ray, Vasquez and Griffin",1196,440-576-1496x75169,"Unit 9411 Box 7682
DPO AP 25104",5 Star
337100,Simmons-Evans,4933,+1-390-827-3054x95056,"374 Stacey Springs
Petersonburgh, NE 70370",5 Star
777633,"Carlson, Williams and Wilkinson",7698,454-265-4019,"232 Turner Pines Apt. 013
Michellemouth, MO 80369",5 Star
971957,"King, Porter and Roberts",8125,(313)823-8687,"04096 Carolyn Circles
South Matthew, MN 14285",2 Star
988623,"Mason, Ray and Vargas",7652,+1-928-235-1527x977,"17220 Shawn Viaduct
Lake Chloe, OH 25803",2 Star
226668,"Moore, Solis and Kelly",6197,413.509.0977x6414,"USS Cowan
FPO AE 09090",5 Star
21672,Wilcox-Torres,342,001-587-316-7409,"34697 Porter Burgs
New Christinaside, OR 51752",2 Star
